{"PsxK/kHTXYE/QzmmIj5lSg==":"mbr-1920x1280.jpg","h7IWy8SHlHm91RRDtcOMzw==":"f6ebacd327bc18a1f751024c81gw--materialy-dlya-tvorchestva-blestyaschaya-moherovaya-pryazha-b-506x706.jpg","aNMDkXePQOy7IGFn4uQBnw==":"b2764ad89bbf2054c8b53a2c994u-506x506.jpg","9cRe2oUehyu53lKSf+jsGw==":"f6ebacd327bc18a1f751024c81gw--materialy-dlya-tvorchestva-blestyaschaya-moherovaya-pryazha-b-506x706.jpeg","8wrI/6KX+ifpbqyKJSf5tg==":"b2764ad89bbf2054c8b53a2c994u-506x506.jpeg","5icVuZJ6YNXIDIw0BxIBUw==":"51a3f50cfe0e71b5a7686aa317qj--materialy-dlya-tvorchestva-pryazha-yarnart-angora-ram-yarnart-506x506.jpeg","qIeYLKiDuTC9pkwmom3Xxg==":"827f28179cb9327a1454b04eb51a--materialy-dlya-tvorchestva-moher-premium-pryazha-turtsiya-jin-506x675.jpeg","57say825icYnBzB0vLkoXA==":"4c663c8c99f111bd7dc771f3ebxb--materialy-dlya-tvorchestva-pryazha-dreams-nako-drims-nako-moh-506x506.jpeg","9/Ub4mVyOgDzDf07YXRiHQ==":"kisspng-yarn-wool-royalty-free-barber-shop-logo-5ae2d22607b8c7.6913951515248143740316-192x192.png"}